seqs,labels
MGDSQKHRILMVSDFFYPNFGGVENHIYYLSQCLIKLGHKVVVATHAYGNRSGVRYMTGGLKVYYVPWRPFVMQNTLPTFYGLLPVIRTILIRERITVVHGHQAFSTFCHEALMHARTMGYKAVFTDHSLYGFADIGSIHMNKVLQFTLTHVSQAICVSHTSKENTVLRSGLPPEKVFVVPNAVDTTIFKPAVDRPRKSEIIIVVISRLVYRKGVDLLVEVIPEVCRLHPNVRFIIGGDGPKRVRLEEMREKHSLQDRVEMLGAVQHVKVRSVLISGHIFLNSSLTEAFCIAILEAASCGLLTVSTRVGGVPEVLPDDMIVLAEPDPDDMVQAIQKAISILPKIDPQVMHNRMRELYNWHDVAKRTEIVYDRALKCSNQNLLERLSRYLFCGAWAGKLFCLVMIVGFLLWQLLEIWQPADDIEEVPDFTLPRDNDED,1.0
MDQQRLRILMVSDFFYPNFGGVENHIYYLSQCLLKLGHKVVVMTHACGRRSGIRYMTGGLKVYYVPWRPFLMQNTLPTFYGTLPIIRTILIRERISVVHGHQAFSTLCHEALMHARTMGYKVVFTDHSLYGFADVGSIHMNKVLQFTLADVDQAICVSHTSKENTVLRSGLHPEKVFVIPNAVDTAMFTPAPKRPSCDEIIIVVLSRLVYRKGADLLVEVIPEVCRQCPKVHFIVGGDGPKRVRLEEMREKHSLQDRVDMLGAIPHAHVRSVLISGHIFLNSSLTEAFCIAILEAASCGLLTVSTRVGGVPEVLPDDMIVLADPDPTDMVQALKKAIDMLPSIDPHAMHVRMKSLYSWQDVAKRTEVVYNRALQCSDKDLLQRLSRYLNCGSWAGKLFCLVMIVNFLLWHLLELWQPSGCIEEVPAFLL,1.0
TIIVREKISLVHGHQAFSTLCHEALMHARTMGYKVVFTDHSLYGFADVDSIHMNKVLQFTLADVNQAICVSHTSKENTVLRSGLPPEKVFVIPNAVDTAMFKPAPERLRCEEIIIVVISRLVYRKGADLLVEVIPEVCRLNSNVRFIVGGDGPKRVRLEEMREKHSLQDRVEMLGAVPHSQVRSVLISGHIFLNSSLTEAFCIAILEAASCGLLTVSTRVGGVPEVLPGDMIVLAEPNPYDMVRAVNEAIQMLPEIDPQVMHHRMKKLYSWHDVARRTVVVYERALRCSNENLFERLLRYLACG,1.0
MDQRRHSILMVSDFFYPNFGGVESHIYYLSQCLLKLGHKVVVMTHAYGKRSGVRYMTGGLKVYYVPWRPFLMQNTLPTFYGTLPIVRTILLREKISVVHGHQAFSTLCHEALMHARTMGYKVVFTDHSLYGFADVGSIHMNKVLQFTLADIDQAICVSHTSKENTVLRSGIPPEKVYVIPNAVDTAMFSPAPNRLSCEEIVIVVISRLVYRKGADLLVEVIPEICNLYSNVRFIVGGDGPKRVRLEEMREKYSLQDRVEMLGAVPHAQVRSVLINSSLTEAFCIAILEAASCGLLTVSTRVGGVPEVLPDDMVVLAEPAPGDMVWAIKKAIDMLPNIDPHVMHLRMKSLYSWHDVAKRTEVVYNHALLCSDKNLLERLPRYLRCGTWAGKLFCLVMIVNFLLWHLLQLLQPPESIEEVPDMIL,1.0
MTQKRQSILMVSDFFYPNFGGVENHIYYLSQCLLKLGHKVVVMTHAYGKRSGVRYMTGGLKVYYVPWRPFLMQNTLPTFYGTLPIVRTILIRERISLVHGHQAFSTLCHEALMHARTMGYKVVFTDHSLYGFADIGSIHMNKVLEFTLADVNQAICVSHTSKENTVLRSRLPPEKVFVIPNAVDTAMFKPAPKRLGYDEIVIVVISRLVYRKGADLLVEVIPEVCRLFPNVRFIVGGDGPKRVRLEEMREKHSLQDRVEMLGAVPHAQVRSVLISGHVFLNSSLTEAFCIAILEAASCGLLTVSTRVGGVPEVLPDDMIVLAEPVPSNMVEAIRKAIHILPTIDPHVMHLRMKNLYSWHDVARRTEIVYDRALRCPSENLLERLSRYYKCGSWAGKLFCLVVIVNFLLWNLLELWQPSQDIEIVPDLS,1.0
LLVEVIPEVCNLFPNVRFIVGGDGPKRVRLEEMREKHSLQDRVDMLGAVPHAQVRSVLVSGQIFLNSSLTEAFCIAILEAASCGLLTVSTKVGGVPEVLPDDMIVLAEPDPYDMVQAIRKAIHMLPYIDPHLMHVRMKSLYSWHDVAKRTEVVYDRARQCSKKDFLHRLSRYLRCGAWAGKIFFLVMLLNFLLLSLLQLWQPSKNIEEVPDMELSQDQQ,1.0
PHAQVCSVLISGHIFLNSSLTEAFCIAILEAASCGLLTVSTRVGGVPEVLPDDMIVLAEPVPSDMVRAIAKAIHILPKIDPHDMHLRMKNLYSWHDVARRTEIVYDCALRCPNENLLQRLSRYLKCGAWAGKLFCLVMIVDFLFWQLLQLWKPLQDIEEVPDLVFP,1.0
MSDKQTHRILMVSDFFYPNFGGVESHIYYLSQCLLKLGHKVVVMTHAYGNRSGVRYMTGGLKVYYVPWRPFLMQNTLPTFYGTLSIVRTILIRENISLVHGHQAFSTLCHEALMHARTMGYKVIFTDHSLYGFADVGSIHMNKVLQFTLADVSQAICVSHTSKENTVLRSGLPPEKVFVIPNAVDTAMFKPAXQDXCSEXIIIVVISRLVYRKGADLLVEVIPEVCRLYPHVCFIIGGDGPKRVRLEEMREKHSLQDRVEMLGAIPHAKVRSVLISGHIFLNSSLTEAFCIAILEAASCGLLTVSTRVGGVPEVLPDDMIVLAEPDPADMVEAVKKAIHLLPRIDPQAMHLRMKKLYSWHDVAHRTEIVYDRALTCSDQNLLERLSRYLTCGAW,1.0
VDTAMFTPSPNRLSCDEIIIVVISRLVYRKGADLLVEVIPEVCRLFPKVRFIVGGDGPKRVRLEEMREKFSLQDRVEMLGAVPHAQVRSVLISGHIFLNSSLTEAFCIAILEAASCGLLTVSTRVGGVPEVLPDDMIVLAEPDPEDMVRAVRKAIDILPGIDPQTMHLRMKRLYSWDDVAKRTEIVYDRAMQSSDTNLLHRLPKYLSCGAWAGKLFCLVMILNYLVWCLLELLQPTGDIEEVPD,1.0
AICVSHTSKENTVLRSGLPPEKVFVIPNAVDTSMFKPAPERLISNEIVIVVISRLYRKGADLLVEVIPEVCTLYPNVRFIVGGDGPKRVRLEEMREKHSLQDRVEMLGAVPHAKVRSVLISGHIFLNSSLTEAFCIAILEAASCGLLTVSTRVGGVPEVLPDDMIVLAKPDPNDMVIAKAIDMLPQIDPEAMHLHMKKLYSWHDVAKRTEIVYDRALRCSNQNILERLSRYLTCGCWAGKLFFLVMIIDFLLWRVLKLWQPDVEIEPVHDINI,1.0
MDGQQRLRILMVSDFFYPNFGGVENHIYYLSQCLLKLGHKVVVMTHAYGRRSGVRYMTGGLKVYYVXWSPFLMQNTLPTFYGTLPIIRTILTRERISVVHGHQAFSTLCHEALMHARTMGYKVVFTDHSLYGFADVGSIHMNKVLQFTLADVDQAICVSHTSKENTVLRSGLHPEKVFVIPNAVDTAMFTPAXMKXSCDQIVVVVISRLVYRKGADLLVEVIPEVCRQCPNVHFIVGGDGPKRVRLEEMREKHSLQDRVDMLGAVPHAQVRSVLISGHIFLNSSLTEAFCIAILEAASCGLLTVSTRVGGVPEVLPDDMIVLADPDPSDMVQALKKAIDMLPNIDPHAMHARMKSLYSWQDVAKRTEVVYNRALQCSDKDLLQRLSRYLNCGAWAGKIFCLVMIVNFLLWRLLELWQPSGSIEEVPDFLL,1.0
DERKHRILMVSDFFYPNFGGVESHIYYLSQCLLKLGHKVVVMTHAYGKRSGVRYVTNGLKVYYVPWRPFLMQNTLPTFIGTLPIIRTILVRERISIVHGHQAFSTLCHEARTMGYKVVFTDHSLYGFADVGSIHMNKVLQFTLADISQAIKENTVLRSGITPERVFVVPNAVDTAMFTPAPCSLSCDEIVIVVISRLVYRKGADLLVEVIPEVCHTYPNVRFIVGGDGPKRVRLEEMREKYSLQDRVEMLGAVPHAQVRSVIISGHIFLN,1.0
MDGQRRHRILMVSDFFYPNFGGVENHIYYLSQCLLKLGHKVVVMTHAYGNRSGVRYMTGGLKVYYIPWRPFLMQNTLPTFYGTLPILRTILIRERISLVHGHQAFSTLCHEALMHARTMGYKVVFTDHSLYGFADVGSIHMNKVLQFTLADVNQAICVSHTSKENTVLRSGLPPEKVFVIPNAVDTAMFKPAQIRLSCDEIVIVVISRLVYRKGADLLVEVIPEVCRFYPNVRFIIGGDGPKRVRIEEMREKNSLQDRVEMLGAVPHAQVRSVLISGHIFLNSSLTEAFCIAILEAASCGLLTVSTRVGGVPEVLPDDMIVLAEPRPSDMVKAIRKAIHILPKIDPQVMHLRMKNLYSWHDVARRTEVVYDRALRCPTEDLLERLSRYLTCGAWAGKIFCLVMIINFLLWKLLQLWQPSKDIEEVPDIAL,1.0
LLVEVIPEVCRLNPNVRFIVGGDGPKRVRLEEMREKHSLQDRVEMLGAVPHAQVRSVLITGHIFLNSSLTEAFCIAILEAASCGLLTVSTRVGGVPEVLPDDMIVLAEPDPDDMVRAIKKAISILPRIDPQVMHLRMKKLYSWHDVAKRTEIVYDRALGCSNQNLLERLSRYLSCGAWAGKLFCLVMIIDFLLWHLLQLLQPTREIEEVPDFVLPDNQSDE,1.0
PNFGGVENHIYYLSQCLLKLGHKVVVMTHAYGNRSGIRYMTGGLKVYYLPWKPFVMQTTLPTFYGTLPIIRTILIREQISLVHGHQAFSTLCHEAIMHARTMGYKVVFTDHSLYGFADVGSIHMNKVLQFTLADVSQAICVSHTSKENTVLWSGLPPEKVFVIPNAVDTAMFKPATEQPSSREIIIVVISR,1.0
MENLRRHNVLMVSDFFYPNFGGVENHIYYLSQCLMKLGHKVVVMTHAYGNRSGVRYMTGGLKVYYIPWKPFLLQNTLPTFYGTLPIIRSILIREKISLIHGHQAFSTLCHEALMHARTMGYKVVFTDHSLYGFSDVGSIHMNKVLQFTLADVTEAICVSHTSKENTVLRAGLPPEKVFVIPNAVDTAMFKPA,1.0
FTDHSLYGFADVGSIHMNKVLQFTLADVSQAICVSHTSKENTVLRSGLPPEKVFVIPNAVDTAMFKPALKRPGGNEIVIVVISRLVYRKGADLLVEVIPEVCRLYPNVRFIVGGDGPKRVRLEEMREKHSLQDRVEMLGAVPHARVRSVLIS,1.0
IVHGHQAFSTLCHEALMHARTMGYPVIFTDHSLYGFADVGSIHMNKVLQFTLADISYAICVSHTSKENTVLRSGITPERVFVIPNAVDTAMFNPAPHRLSCDEVVIVVISRLVYRKGADLLVEVIPEVCHLFPNVRFIVGGDGPKRVRIEEMREKYSLQDRVEMLGAVPHAHVRSVLISGHIFLNSSLTEAFCIAILEAASCGLLTVSTRVGGVPEVLPDDMVVLAEPDPADMVRAIRKAILMLPNIDPHMMHLRMKKLYSWHDVAKRTGIVYDRAFQSSNENLLERLPRYLKCGSWAGKLFCLVMIINFLLWKLLEVWQPLESIEEVPDFVFVQNEHMQ,1.0
VGMQKRHNVLMVSDFFYPNFGGVESHIYYLSQCLLKLGHKVVVMTHSYGNRSGVRYMTGGLKVYYIPWRPFLMQNTLPTFYLTLPIMRTILIRERISVVHGHQAFSTLCHEALMHARTMGYRVIFTDHSLYGFADIGSIHMNKVLQFTLADVNQAICVSHTSKENTVLRSGIHPEKVFVVPNAVDTAMFNPAPERLSCEEIIIVVISRLVYRKGADLLVEVIPEVCNLFPNVRFIIGGDGPKRV,1.0
EKISLVHGHQAFSTLCHEALMHARTMGYKVVFTDHSLYGFADVGSIHMNKVLQFTLADVSQAICVSHTSKENTVLRSGLPPEKVFVIPNAVDTAMFKPAPDRLSGNEIVIVVISRLVYRKGADLIVEVIPEVCRLYPNVRFIVGGDGPKRVR,1.0
MGEQKRHRILMVSDFFYPNFGGVENHIYYLSQCLLELGHKVVVMTHAYGNRSGVRYMTGGLKVYYVPWRPFLMQNTLPTFSGTLPIIRTILVREKISLVHGHQAFSTLCHEALMHARTMGYKVVFTDHSLYGFADGGSIHMNKVLQFTLADVSQAKVFVIPNAVDTAMFKPAPERPSSNEIVIVVISRLVYRKGADLLVEVIPEVCRLYPNVRFIVGGDGPKRVRLEEMREKHSLQDRVEMLGAVPHARVRSVLISGHIFLNSSLTEAFCIAILEAASCGLLTVSTRVGGVPEVLPDDMVVLAAPDPNDMVQAIKKAISILPKIDPQVMHIRMKKLYNWHDVAKRTQIVYDRALKCSNQSLLERLSRYLSCGAWAGKLFCLIMIIDFLLWKLLQLWQPEEDIEEVPDIILMKNDGGM,1.0
VAAQKHRILMVSDFFYPNFGGVENHIYYLSQCLLKRGHKVVVMTHAYGSRSGVRYMTGGLKVYYIPWKPFLMQNTLPTLYGTLPIIRNVLVREKISLVHGHQAFSTLCHEALMHARTMGYRVVFTDHSLYGFADVGSIHMNKVLQFTLADVSQAICVSHTSKENTVLRSGLPPEKVYVIPNAVDTAMFKPATERPAGDEVVIVVISRLVYRKGADLLVEVIPEVCRLYPSVRFIVGGDGPKRVRLEEMREKHSLQDRVEMLGAVPHALVRSVLVSGHIFLNSSLTEAFCIAILEAASCGLLTVSTRVGGVPEVLPDDMVVLAEPDPHDMVQAIRKAIYLLPKIDPQAMHDRMKKLYDWHDVAQRTEIVYDRALECPDQSFLQRLSRYLSCGAWAGKLFCLVMIVDFLLWRLLQLWQPAENIEE,1.0
AYGNRSGVRYMTGGLKVYYIPWRPFLMQNTLPTFYGTLPILRTVLIRERITLVHGHQAFSTLCHEALMHARTMGYKVVFTDHSLYGFADTGSIHMNKVLQFTLADVSQAICVSHTSKENTVLRSGLPPGKVFVIPNAVDTAMFTPAXPKXSYDEIVIVVISRLVYRKGADLLVEVIPEVCRLYPNVRFIVGGDGPKRVRLEEMREKHSLQDRVEMLGAVPHAQVRSVLISGHIFLNSSLTEAFCIAILEAASCGLLTVSTRVGGVPEVLPDEMIVLAEPVPNDMVRAIKKAIHMLPKIDPHAMHLRMKNLYSWHDVARRTEIVYEHALRCPNEDLLERLSRYLKCGVWAGKLFCLVMIVDFLLWXLLQLXQPSEDIEXVPDFCLSQKQHLH,1.0
EALMHARTMGYKVIFTDHSLYRFADVGSIHMNKVLQFTLADVSQAICVSHTSKENTVLRSGLPPEKVFVIPNAVDTAMFTPAPKPLPRDEIVIVVISRLVYRKGADLLVEVIPEVCRLYSNARFIVGGDGPKRVRLEQMREKHSLQDRVEMLGAVPHTQVRSVLITGHIFLNSSLTEAFCIAILEAASCGLLTVSTRV,1.0
GHQAFSTLCHEALIHARTMGYKVVFTDHSLYAFADAGSIHMNKVLQFTLADVSQAICVSHTSKENTVLRSGLPPEKVYVIPNAVDTAMFKPAPEQLSHNEIVIIVISRLVYRKGADLLVEVIPEICRLFPNVRFIVGGDGPKRVRLEEMREKNSLQDRVEMLGAVPHARVRSVLISGHIFLN,1.0
MGERKRHRILMVSDFFYPNFGGVENHIYYLSQCLLKLGHKVVVMTHAYQNRSGVRYMTGGLKVYYVPWRPFLMQNTFPTFYGTLPIVRTILIRENISLVHGHQAFSTLCHEALMHARTMGYKVVFTDHSLYGFADAGSIHMNKVLQFTLAEVSQAICVSHTSKENTVLRSGLPPEKVFVIPNAVDTAMFKPAPTRLSRHEIVIVVISRLVYRKGADLLVEVIPEVCRLYPNVRFIVGGDGPKRVRLEEMREKHSLQDRVEMLGAVQHSQVRSVLITGHIFLNSSLTEAFCIAILEAASCGLLTVSTRVGGVPEVLPDDMVVLAKPDPSDMVQAIEKAISILPNIDPEQMHNRMKELYNWHDVAKRTEIVYDRALKCSKQNLLKRLSRYLSCGAWAGKLFCLVMIIDFIFWHLLQRWQPAEDIEEVPDFVLSHDQ,1.0
MGDCTKHRILMVSDFFYPNFGGVENHIYYLSQCLLKLGHKVVVMTHAYGNRSGVRYMTHGLKVYYVPWKPFLMQNTLPTIYGTLPIIRTILIREKISLVHGHQAFSTLCHEALMHARTMGYKVVFTDHSLYGFADVGSIHMNKVLQFALADVTQAICVSHTSKENTVLRSGLPPEKVFVIPNAVDTAMFKPAPERLSNNEIVVVVISRLVYRKGADLLVEVIPEVCSLYPNVRFIVGGDGPKRVRLEEMREKHSLQDRVEMLGAVPHAKVRSVLISGHIFLNSSLTEAFCIAILEAASCGLLTVSTRVGGVPEVLPDDMIVLAEPDPGDMIQAIRKALTILPQIDPQDMHLRMKKLYSWHDVAKRTEIVYDRALNCSNPNLLERLPRYLTCGAWAGKLFCLVMLIDFLFWRLLQLLQPAVNIEEVPDINLP,1.0
RHRILMVSDFFYPNFGGVENHIYYLSQCLLKLGHKVVVVTHAYGNRSGVRYMTGGLKVYYLPWKPFLMQNTLPTFYGTLPIIRTILIREKISLVHGHQAFSTLCHEALMHARTMGYKVVFTDHSLYGFADVGSIHMNKVLQFTLSDVNQTICVSHTSKENTVLRCGLPPEKVFVIPNAVDTAMFKPAAKRPRGNEIVIVVISRLVYRKGADLLVEVIPEVCR,1.0
MGDRRRHKILMVSDFFYPNFGGVENHVYYLSQCLLKLGHKVVVMTHAYGNRTGVRYMTGGLKVYYIPLKPFLMQATLPTFYGTLPIMRNILIREKISLVHGHQAFSTLCHEALMHARTMGYKVVFTDHSLYGFADVGSIHMNKVLQFTLADVSQAICVSHTSKENTVLRSGLPPEKVFVIPNAVDTVMFAPAPQRLKSDEIVIVVISRLVYRKGADLLVEVIPEVCRLFPKVRFIVGGDGPKRVRLEEMREKHSLQDRVEMLGAVPHAQL,1.0
MDLKKLRILMVSDFFYPNFGGVENHIYYLSQCLLQLGHKVVVMTHAYGTRSGVRYMTGGLKVYYVPWKPFFLQNTLPTLYGTLPILRTILVREKISLVHGHQAFSTLCHEALMHARTMGYKVVFTDHSLYGFADIGSIHMNKVLQFTLADVNQAICVSHTSKENTVLRSGLPPEKVFMIPNAVDTAMFKPAPKRLSCDEIVIVIISRLVYRKGADLLVEVIPEVCRLHPNVHFIIGGDGPKRVRLEEMREKYSLQDKVEMLGPVPHADVRSVLITGHIFLNAASCGLLTVSTRVGGVPEVLPDDMIVLAEPDPNDMVQAIKKAIQKLPTIDPHVMHLRIKELYSWHDVARRTEIVYRHALICPSENLLKRLSRYLNCGAWAGKLFCLVMIVNFLLWHLLELLQPSKNIEEVADLPFP,1.0
GGDGPKRVRLEEMREKHSLQDRVDMLGAVPHAKVQSVLISGHIFLNSSLTEAFCIAILEAASCGLLTVSTRVGGVPEVLPDDMIVLAEPDPSDMVLAIKKAINILPQIDPQAMHFRMKKLYSWHDVAKRTEIVYDRALRCSNQNLLERLSRYLTCGTWAGKLFCLVMIIDFLLWRLLQLFKPDLDIEAVP,1.0
VIPNAVDTAMFKPAPERLPRYQIVIVVISRLVYRKGADLLVEVIPEVCRLHPNVRFIIGGDGPKRVRLEEMREKHSLQDRVEMLGAVPHAQVRSVLISGHIFLNEAFCIAILEAASCGLLTVSTRVGGVPEVLPDDMIVLAKPDPGDMVHAVGKAITMLPNID,1.0
KGADLLVEVIPEVCRIFPNVRFIVGGDGPKRVRLEEMREKHSLQDRVEMLGAVPHARVRSVLISGHIFLNSSLTEAFCIAILEAASCGLLTVSTRVGGVPEMVVLAEPDPSDMVQAIKKAISILPEIDAQAMHNRMKKLYNWHDVAKRTEIVYDRALKCANQSLLERLSRYLSCGAWAGKLFCVVMIIDFLFWRLLQLWQPAEDIEAVPDIVLSRGE,1.0
QKMHSILMVSDFFYPNFGGVENHIYYLSQCLLKLGHKVVVMTHAYGMRSGVRYMTSGLKVYYVPWRPFLMQNTLPTIYGLFPILRTILIRERISLVHGHQAFSTLCHEALLHARTMGYKVVFTDHSLYGFADVGSIHMNKVLQFTLADVSQAICVSHTSKENTVLRSGLHPEKVFVIPNAVDTAMFTPAPKRLGCHEIVIIVISRLVYRKGADLLVEIIPEVCQLYPNVRFIVGGDGPKRVRLEEMREKHSLQDRVEMLGAVPHAQVQSVLVRGHIFLNSSLTEAFCIAILEAASCGFFKRVGGVPEVLPDDMIVLAEPVPSDMVHAIKKAIEILPKIDPQVMHVRMKSLYSWHDVARRTEVVYDCALRCTNEDLLQRLSRYLKCGAWAGKLFCLIMILDFLLWCLIELFQPSRDIEEVPDLSSP,1.0
MAEKSQHRILMVSDFFFPNFGGVENHIYYLSQCLLMLGHKVVVMTHAYKDRTGVRYMTGGLKVYYVPWKPFLMQNTFPTFYGTLPIIRTILIRENISIVHGHQAFSTLCHEALMHARTMGYRVVFTDHSLYGFADVGSIHMNKVLQFTLADVSQAICVSHTSKENTVLRSGLPPEKVFVIPNAVDTAMFKPAPEXLKDDXIVIVVISRLVYRKGADLLVEVIPEVCRLHPKVRFVIGGDGPKRVRLEEMREKHSLQDRVDMLGAVPHAKVRSVLITGHIFLNSSLTEAFCIAILEAASCGLLTVSTRVGGVPEVLPDDMIVLAKPDPDDMVRAVTKAINILPLIDPQEMHLRMMKLYSWYDVAKRTEIVYDRALRCSGQDLLERLSRYLTCGAWAGKIFCLVMIIDFIFWRLLKLWLPDRDIEVVPEVQLKNS,1.0
VVFTDHSLYGFADVGSIHMNKVLQFTLSDVNQAICVSHTSKENTVLRSGLPPEKVFMIPNAVDAAMFKPAETRLSREEIVIVVISRLVYRKGADLLVEVIPEVCRLYPNVRFIIGGDGPKRVRLEEMREKNSLQDRVEMLGAVPHVQVRSVLIRGHIFLNSSLTEAFCIAILEAACCGLLTVSTRVGGVPEVLPEDIIVLAEPVPNDMVQAIGKAIRLLPKIDPQVMHDRMKSLYSWHDVARRTELVYDCALSCSDENLLVRLSRYFACGVWAGKLFCLVMTLDYLLWHLLELWQPSKDIEEVPDIA,1.0
MGSNKHTILMVSDFFYPNFGGVENHIYYLSQCLLELGHKVVVLTHAYANRSGVRYMTGGLKVYYVPWRPFLMQNTLPTFYGTLPIIRTILIREQISLVHGHQAFSTLCHEALMHARTMGYKVVFTDHSLYGFADVGSIHMNKVLQFTLADVTQAICVSHTSKENTVLRSGIPPEKVYVIPNAVDTAMFKPAQERPGGNEIVIVVISRLVYRKGADLLVEVIPEVCRLYPNVRFIVGGDGPKRVRLEEMREKHSLQDRVEMLGAVPHASVRSVLVSGHIFLNSSLTEAFCIAILEAASCGLLTVSTRVGGVPEVLPDDMIVLAQPDPTDMVQAIKKAISLLPEIDPQVMHERMKKLYDWHDVAKRTEIVYDRALKCPNQPFLGRLSRYLSCGSWAGKLFCLVMIIDFLMWRLLKLWQKEEDIDKVPDFVIP,1.0
MDEQKRHRILMVSDFFFPNFGGVENHIYYLSQCLMKLGHKVVVMTHAYGKRSGVRYMTGGLKVYYIPWRPFVMQNTLPTFYGTFPIIRNILIREKITLVHGHQAFSTLCHEALMHARTMGYKVVFTDHSLYGFADIGSIHMNKVLQFTLADVSQAICVSHTSKENTVLRSGLPPEKVFVIPNAVDTAMFKPALERPSSNEIVIVVISRLVYRKGADLLVEVIPEVCRLYPNVRFIVGGDGPKRVRLEEMREKHSLQDRVEMLGAVPHARVRSVLICGHIFLNSSLTEAFCIAILEAASCGLLTVSTRVGGVPEVLPDDMIVLAEPDPGDMVQAIGKAIYILPKIDPQVMHIRMKKLYNWHDVAKRTEIVYDRALKCSNQNLLDRLSRYLSCGAWAGKLFCLIMIIDYLLWCLLQLWQPVEDIEEVPDITLPHHQ,1.0
MNRPKHRILMVSDFFYPNFGGVENHIYSLSQCLLKLGHKVVVMTHAYGKRTGVRYLTGGLKVYYIPWKPFLMQNTLPTFYGTLPIIRTILIREKITVVHGHQAFSTLCHEALMHGRTMGYKVVFTDHSLYGFADVGSIHMNKVLQFTLADVNQAICVSHTSKENTVLRSGIPPEKVFMIPNAVDTAMFNPAPQRLSCDEIVIVIISRLVYRKGADLLVELIPEVCHQFPNVRFIVGGDGPKRVRIEEMREKHSLQDRVEMLGAVPHAQVRSVLISGHIFLNSSLTEAFCIAIPEAASCGLLTVSTRVGGVPEVLPDDMVVLAEPVPSDMLRAIEKAISMLPNVDPHDMHHRMKNLYSWHDVARRTEIVYDRALRCTDENLLQRKCGAWAGKLFCLVVIVDFLLWCILQNFQPSESIDEVPDFVTPRNQ,1.0
LADVSQAICVSHTSKENTVLRSGLPPEKVFVIPNAVDTAMFTPAPERLSSDEIVIVVISRLVYRKGADLLVEVIPEVCRLYPNVRFIVGGDGPKRVRLEEMREKHSLQDRVDMLGAVPHAKVRSVLISGHIFLNSSLTEAFCIAILEAASCGLLTVSTRVGGVPEVLPDDMIVLAKPDPSDMVQAIKKAINRLPQIDPQAMHLRMKKLYSWHDVAKRTEIVYNRALRCSNQNLVERLSRYLTCGAWAGKLFCLVMIIDFLLWHLLQLWKPDADIEAVPDIN,1.0
GFADVGSIHMNKVLQFTLADVNQAICVSHTSKENTVLRSGLPPEKVFVIPNAVDTAVFKPAPQRLSCDEIVIVVISRLVYRKGADLLVEVIPEICHVYPNVRFIIGGDGPKRVRLEEMREKHSLQDRVEMLGAVPHAQVQSVLISGHIFLNSSLTEAFCIAILEAASCGLLTVSTRVGGVPEVLPDDMIVLAEPVPSDMIKAIEKAIHILPTIDPQAMHLRMKILYSWHDVARRTEIVYDCALRGSSDNLLQRLPRYLGCGAWAGKLFCLVMLVNFLLWHLLQRWKPAEDIDEVPDFVLPHHQ,1.0
MVQERQSILMVSDFFYPNFGGVENHIYYLSQCLLKLGHKVIVMTHAYGKRSGVRYMTGGLKVYYVPWRPFIMQNTLPTFYGTLPIIRTILIRERISLVHGHQAFSTLCHEALMHARTMGYKVVFTDHSLYGFADIGSIHMNKVLQFTLADVNQAICVSHTSKDNTVLRSGLPPEKVFVIPNAVDTAMFKPAPKRVSYDEIVIVVISRLVYRKGADLLVEVIPEVCRLFPNVRFIVGGDGPKRVRLEEMREKHSLQDRVEMLGAVPHAQVRSVLISGHIFLNSSLTEAFCIAILEAASCGLLTVSTRVGGVPEVLPDDMIVLAEPVPSDMVQAIKKAIHILPTVDPHVMHLRMKNLYSWHDVAKRTEIVYDCALRCSNENLLERLSRYLTCGAWAGKLFCIVMILDFLLWHLLQLWQPSEDIEEVPDFVFP,1.0
DFFYPNFGGVESHIYYLSQCLLKLGHKVVVMTHAYGRRSGVRYMTGGLKVYYVPWRPLIMQNTLPTFYLTLPIVRTILVRERISVVHGHQAFSTLCHEALMHARTMGCKTVFTDHSLYGFADVGSIHMNKVLQFTLADTDQAICVSHTSKENTVLRSGLPPEKVFVVPNAVDTAMFTPSPNRLSCEEIVIVVISRLVYRKGADLLVEVIPEVCRLFPNVRFIVGGDGPKRVRLEEMREKFSLQDTVEMLGAVPHAQVRSVLVSGHIF,1.0
GQRRHRILMVSDFFYPNFGGVENHIYYLSQCLLKLGHKVVVMTHAYGNRSGVRYMTGGLKVYYVPWRPFLMQNTLPTFYLTLPIIRTILVREKISVVHGHQAFSTLCHEALMHARTMGYKGVFTDHSLYGFADVGSIHMNKVLQFTLADIDQAICVSHTSKENTVLRSGILPSKVFVIPNAVDTAMFTPAPNRLGCDEIVIVVISRLVYRKGADLLVEVIPEVCRLYSSVRFIVGGDGPKRVRLEEMREKYSLQDRVDMLGAVPHANVRSVLISGHIFLNSSLTEAFCIAILEAASCGLLTVSTRVGGVPEVLPDDMIVLAEPAPDAMVSAIKKAIDMLPDIDPHVMHERMKRLYSWPDVAKRTEVVYDRALQCSKKNLMQRLPRYLGCGAWAGKLFCVVMIINFLLWHLLELLQPSENIEEVPDTLLVQHRHQR,1.0
FIVGGDGPKRVRLEEMREKHSLQDRVEMLGAVPHARVRSVLISGHIFLNSSLTEAFCIAILEAASCGLLTVSTRVGGVPEVLPEDMIILAEPDPDDMVRAIKKAISILPMVDPHAMHTRLKKLYDWHDVAKRTEIVYDRALKCPNQNLFNRLSRHLSCGSWAGKIFFLVMVVDFLLWCLLNIWQPAEDIEEVP,1.0
MGENGKQRILMVSDFFYPNFGGVENHIYYLSQCLIKLGHKVVVMTHAYNDRTGVRYMTGGLKVYYVPWKPFLMQNTLPTFYWTLPIMRTILIREKISVVHGHQAFSTLCHEHARTMGYKVVFTDHSLYGFADLGSIHMNKVLQFTLADVSQAICVSHTSKENTVLRSGLPPGKVFVIPNAVDTTMFKPAPERLSNDEIVIVVVSRLVYRKGADLLVEVIPEVCRLHPNVRFVIGGDGPKRVRLEEMREKNSLQDRVDMLGAVPHAKVRSVLISGHIFLNSSLTEAFCIAILEAASCGLLTVSTRVGGVPEVLPDDMIVLAEPDPSDMVRAITKAINMLPQIDSQTMHLRMKKLYSWHDVARRTEIVYDRALRCRSQPLLE,1.0
EKHSLQDRVEMLGPVPHAHVRSVLTTGHIFLNSSLTEAFCIAILEAASCGLLTVSTRVGGVPEVLPNDMIVLAEPDPYDMVRAIGKAIRILPTIDPQDMHLRMKGLYSWHDVAKRTEIVYNRALQCSSEDFLQRLSRYLNCGAWAGKLFCLVMIIDFLLWXILKIFKPEKHIEKVPD,1.0
HIFLNSSLTEAFCIAILEAASCGLLTVSTRVGGVPEVLPDDMIVLAEPVPGDMVQAIKKAIHILPRIDPQVMHLRMKNLYSWHDVARRTEVVYDRALRCSNENLQQRLSRYLTCGAWAGKLFCLVMIVNFLLWHLLQLWQPSEDIDEVPDFVFPCHQQ,1.0
MGQQKKHKILMVSDFFYPNFGGVENHIYYLSQCLMKLGHKVVVMTHAYNNRSGVRYMTGGLKVYYVPWKPFLMQNTLPTFYGTLPIVRTILIREKISIIHGHQAFSTLCHEALMHARTMGYKVVFTDHSLYGFADVGSIHMNKVLQFTLADVSQAICVSHTSKENTVLRSGLPPEKVFVIPNAVDTAMFKPAPERLSSHEIVIVVISRLVYRKGADLLVEVIPEVCRLHPNVRFVIGGDGPKRVRLEEMREKHSLQDRVDMLGAVPHAKVQSVLITGHIFLNSSLTEAFCIAILEAASCGLLTVSTRVGGVPE,1.0
DTAMFQPAPERLSSDEIVIVVISRLVYRKGADLLVEVIPEVCRLYQNVRFIVGGDGPKRVRLEEMREKHSLQDRVDMLGAVPHAKVRSVLISGHIFLNSSLTEAFCIAILEAASCGLLTVSTRVGGVPEVLPDDMIVLAEPDPSDMVQAIKKAIDRLPQIDPQAMHLRMKKLYSWHDVAKRTEIVYDRALRCSGQNLLERLSRYMTCGAWAGKLFCLVMIIDFLLWHLLQQWQPDLDIEPVPNIDL,1.0
GDGPKRVRLEEMREKYSLQDRVHMLGAVPHAQVRSVLISGHIFLNSSLTEAFCIAILEAASCGLLTVSTRVGGVPEVLPDDMIVLAEPVPGDMVQAIGKAINMLPSIDPYVMHQRMKRLYSWNDVAKRTEVVYDRALLCSDKNLLQRLPRYLRCGAWAGKLFCLVMIINFLLWHLLQLCQPSENIEEVPDM,1.0
HTSKENTVLRSGVPPEKVSVIPNAVDTSMFRPAPERLGCEEVVIVVISRLVYRKGADLLVEVIPEVCRLCPNVRFIVGGDGPKRVRLEEMREKHSLQDRVDMLGAVPHAQVRSVLISGHIFLNAILEAASCGLLTVSTRVGGVPEVLPDDMVVLAEPVPSDMVKAIRKAIHMLPKIDPHVMHLRMKDLYSWHDVARRTEVVYDRTLRCPNEKLLQRLSRYLVCGTWAGKLFCLVMIVDFLFWHLLQFFKPSEDIEVVPDVVLP,1.0
VLQFTLADVSQAICVSHTSKENTVLRSGLPPEKVFVIPNAVDTAMFKPAPEREIVIIVISRLVYRKGADLLVEVIPEVCRLFPNVRFIVGGDGPKRVRLEEMREKHSLQDRVEMLGAVPHASVRSVLISGHIFLNSSLTEAFCIAILEAASCGLLTVSTRVGGVPEVLPDDMIVLAEPDPNDMVQAIKKAISILPKVDPQVMHDRMKKLYDWHDVAKRTEIVYDRALNCSNQNLVDRLSRYLSCGAWAGKLFCLIMIIDFLLWRLLQLWKPDED,1.0
MGYNIAMVSDFFYPQPGGVEFHVYHLSQKLIDMGHSVIIITHHYGNRTGIRTLTNGLKVYYIPFFVLYRSSTFPTVFSLFPILRNIFIREEIDIVHGHGTFSSIGHEAIFHARTMGMRTVFTDHSLFGFADVGSILGNKVLKFTLSDVGHVICVSHTCKENTVLRASLDPLSVSVIPNAVISKDFSPDLNKKQGEDITIVVITRLFPNKGADLLTAIIPRICMAKPNVKFLIAGDGPKFLDLEQMREEYFLQERVKLIGAVKHEQVRDVMVQGDIYLHPSLTEAFGTVIVEAASCGLFVVTTKVGGIPEVLPKEIFRFAEPEEDSLVDATLNAIDLIQSGEIDTSTFHSVVSKMYSWSDIAKRTENVYNSLDLNVLNQPLIERLQKYYCCGVIAGKLYVLCVIVDIFIYAVLEWFYPREHIDRANKWPKHRRNSLE,0.0
MGYNVAMVTDFFYPQPGGVEFHVYHLSQKLIDLGHSVVIVTHDYGSRTGIRTLTNGLKVYYVPFSIIHRNSTSPTVFSAFPILRNIFIRESIDIVHGHGSLSTLCHEGILHGRTMGLKTVFTDHSLFGFSDVYSIIGNKLLKFTLSDIGHVICVSHTCKENTVLRASIDPLDVSVIPNAVIADDFKPSPIKKVSSKKSLTIVVISRLFQNKGADLLTAIIPIICANHPNVNFLIAGDGPKFLDLEQMREKYYLEEKVKLIGAIKHEEVRDVMIQGDIYLHPSLTEAFGTVLVEAASCGLFVVTTNVGGIPEVLPRHMTAFSAPDESSLVKATSNAINMMQSDMIDTSKFHQEVTEMYSWENIAKRTENVYDLLYTKRINKGIIARLQKYYCCGLIAGKLFVLCVLVDIFILLLLDWFYPADNIDKATKWPKKEKKRIIDTHASN,0.0
MGYNIAMVTDFFYPQPGGVEFHVYHLSQKLIDLGHSVVIITHSYGSRNGVRTLTNGLKVYYIPFFVLYRSSTFPTVFSAFPILRNIFIRESIDIVHGHGSLSSLCHEAIFHGRTMGMKTVFTDHSLFGFADVGSILGNKVLKFTLSDVGHTICVSHTCKENTVLRASLDPLSVSVIPNAVISKDFSPKTETNCRAKTTVTIVVISRLFPNKGADLLTAIIPRICLDRPEVRFLIAGDGPKFLDLEQMREKYFLQERVKLIGAVKHEEVRDVMVQGDIYLHPSLTEAFGTVIVEAASCGLYVVTTKVGGIPEVLPGHMTSFAEPEEDSLVATALSAIDKIKSGEIDTSKFHVEVAKMYSWENIARRTENVYNYLDTSKINVPLFERLQKYYCCGLIAGKLFVLCVIVDIFLLVILEWLYPADHIDKTTKWPRAKRNKVDDHPNND,0.0
MHYTSLSTWSLHLHFATRVSYTAPISHLRPTTVFNMGYNIAMVSDFFYPQPGGVEFHVYHLSQKLIDMGHSVIIISHHYGDRRGIRTLTNGLKVYYVPFLIVYRSSAFPTVFSAFPILRNIFIREKIDIIHGHGSYSTLCHEAILHGRTMGLRTVFTDHSLFGFADFTSIVGNKLMKFTMSDVGHVICVSNTCKENTVLRASLDPLSVSVIPNAVVSEDFTPLDHPRDSNEITIVVISRLFPNKGADLLTAIIPTICAARPNVRFLIAGDGPRYLDIEQMREKYVLQDRVTLIGGVKHEEVRDIMVKGQIYLHPSLTEAFGTVIVEAASCGLYVVTTKVGGIPEVLPSHMTTFAEPEQESLVESTLSAIDLVQSKKIDTSTFHEEVAKMYSWQNIALRTENVYNSLSKENEPFLTRLEKYHCCGVLVGKLFVLCVVVDIFILAILDILYPAEHIDIATKWPKRRQKKKA,0.0
MNIAMVSDFFYPQPGGVELHMYHLSQKLIDRGHSVVVITHCYGGRTGVRVLTNGLKVYYIPFAVVMMQCSFPALFSAFPILRNIFIRENIEIVHGHGSLSFLCLEAIMHAKTMGLKTIFTDHSLFGFATVSSIVGNKLLTFTLTEIGHVICVSHTCKENTVLRSSLDPNKASVIPNAVVASDFTPEPICRDENTITIVIISRLFPNKGADLLTAVIPRICAYNENIRFIIAGDGPKFIDFEQMVEKFQLQDKVQLIGSIKHEEVRNVMVKGHIYLHASLTEAFGTVLVEAASCGLFVVTTNVGGIPEVLPNHMTAYALPEEDSIVAALTSAIDKISAGKIHTSGFHNQVKEMYDWRDVAQRTELVYINVKRTTKPTTTLERIRQYYVHGFWGGKLFVLCLVVDIFILTVLDFWYPRDKIDRAAKWPHGQKYARPQL,0.0
MGYRIAMVSDFFFPQPGGIESHIFQLSQRLIDLGHKVIVITHAYKDRTGVRYLTNGLTVYYVPFYTIYRETSFPSIFSFFPIFRNIVIREGIEIVHGHGSLSSLCLEAILHARTMGLKACFTDHSLFGFADASSILTNKLLKFILSDIDNVICVSHTCRENTVLRAVLDPTKVSVIPNALVAENFKPDPSKASKDYITIVVISRLYYNKGIDLLTAVIPRICAMHQKVRFIIAGDGPKAIDLEQMRENCMLQDRVEMLGSIRHDQVRDVMVRGHIYLHPSLTEAFGTVLVEAASCGLYVVSTKVGGVPEVLPSHMTRFARPGEDDLVEALSGAIIDYQNGRIQTDKFHEQVKKMYSWLDVAQRTERVYDHMYLEKPLPLIDRLKLYYGCGQWAGKLFCFVMAIDYLLMVFLEWFWPEADIDRASDRAPRTHSIKPNNDE,0.0
MGYNIAMVTDFFYPQPGGVEFHVYHLSQKLIELGHSVVIITHNYSSRNGVRVLTNGLKVYYVPLWVIYRSSVFPTVFSCFPILRNIFIRENIEIIHGHGSFSTLCHEAILHGRTMGLKTVFTDHSLFGFAEIGSIMGNKALKFTFSDVGHVICVSHTCKENTVLRGSIDPIKVSVIPNAVISKDFKPKSHCVNKNYTKEITIVVITRLFPNKGADLLTAVIPKICQLKPKVKFLIAGDGPKFLDLEQMREKYFLQERVTLVGAIKHEEVRDVMVQGDIYLHPSLTEAFGTVIVEAASCGLYVVTTKVGGIPEVLPNEMTSFAEPEENSLIDAAIDAINKIESNEIDTSKFHDAVAKMYSWNDIARRTENVYNSLDLDKLNESLLHRLQRYYCCGIIAGKLYALCVIVDIFIFVILEWLYPADHIDKATKWPSAIKEEDESEEETFIFSNKVN,0.0
MGYNIAMISDFFYPQPGGVEFHVYHLSQKLIDMGHSVIIITHDYGSRNGIRTLTNGLKVYYVPFYVVYRSSAIPTVFSILPIIRNIFIREQIDIVHGHGSLSTICGEAILHARTMGLKTVFTDHSLYGFANITSVVGNKLLKFTLSDVGHVICVSHTCKENTVLRASLDPLNVSVIPNAVIAKDFSPLEPEKKSLRKNITIVVISRLFPNKGADLLTAIIPTICAQKPEVRFLIAGDGPKFLDLEQMREKYYLQERVTLIGAVKHEEVRDVMVQGDIYLHPSLTEAFGTVIVEAASCGLFVVTTKVGGIPEVLPSHMTSFADPEENSLVAATLKAVNLIESGDIDTSTFFDEVSRMYSWKNIACRTENVYNSLDLKKLNQPLVQRLQKYHCCGIIAGKLFVLCVVLDIVFYLMLEYFYPADHIDKATKWPKKTKKVNSHDEEITDTRAAVDYCK,0.0
MGYNIAMVTDFFYPQPGGVEFHVYHLSQKLIELGHSVIIITHNYNSRNGIRTLTNGLKVYYVPFWVIYRSSAFPTVFSCFPILRNIFIRENIDIIHGHGSYSTFGLEAIFHGRTMGMKTVFTDHSLSGFADIGSILGSKVLKFSLTDVGHVICVSHTCKENTVLRGNLDPMRVSVIPNAVVSKDFRPDNSIRRKKSTDDITIVVITRLFPNKGANLLTAIIPKICQQKSNVRFLIGGDGPKFLDLEQMREKYFLQERVKLIGAVKHEEVRNVMIQGDIYLHPSLTEAFGTVLVEAASCGLYVVTTRVGGIPEVLPSHMTSFAEPEANSLVDAAIDAINKIEHNEIDTSKFHDAVGEMYSWGDIAERTENVYDSLDLSKLNQPLIKKLPKYYNGGIIAGKLFVLCVIVDIFLYTLLEWLYPEENIDKASKWPKMNKKDRKQNYHQQEDTTSIDLQIN,0.0
MGYNIAMVTDFFYPQPGGVEFHVYHLSQKLIDLGHSVIIITHNYGSRNGVRTLTNGLKVYYVPYWVVYRSSAFPTAFSCFPILRNIFIRENINIIHGHGSYSTFGHEAIFHGRTMGMKTVFTDHSLFGFADIGSILGNKVLKFTCTDVGHVICVSNTCKENTVLRGSIDPVKVSVIPNAVISKDFQPDITKIRNKDEITIVVITRLFPNKGADLLTAIIPRICQLKPNVKFLIGGDGPKFLDLEQMREKYFLQERVILIGAVKHEEVRDVMAQGDIYLHPSLTEAFGTVLVEAASCGLYVVTTKVGGIPEVLPNEMTSFAEPEANSLVEAAIDAIGKIENNEIDTSKFHDRVAK,0.0
MKSYNIAMISDFFYPQPGGMELHIYHLSQKLIARGHSVVVITHAYDDRTGVRMLTNGLKIYYVPFFIIYRQTTFPTVFSLFPILRQILIRERIDIVHGHGTFSSMCHEAILHANTMGIKTVFTDHSLFGFADVGSILGNKLLKFTLTNIGHVICVSHTCKENTVLRASLDPSSVSVIPNAVIADDFKPAEVKPSLNKITVVVISRLFQNKGADLLTAIIPRLCSSRPDIHFLIAGDGPKFIDLEQMREKHQLQDRVELIGSIRHQQVRDVMVQGHIYLHPSLTEAFGTVLVEAASCGLLVVTTKVGGIPEVLPNKMTVFADPDEESLVDAVNLAVRKLKENKIDTSSFHEEVKKMYDWGDIAKRTEKVYNMVSETEAPSLVDVLIKYYNCGPWAGLLFILCVVVDLFILEFLNWWWPESEIDKVKKWPRKKVQTGK,0.0
MPYNIAMVSDFFYPQPGGVELHVYQLSQRLKQRGHSVVIITHAYDSRTGVRILTNGIKVYYVPFFVLYRNSTFPSVFSAFPILRNIFIRENIDIVHGHGSLSSLCHEAILHARTMGMKTVFTDHSLFGFADAGSIAGNKALKFTLSDVGHVICVSHTCKENTVLRASLDPSIVSVIPNAVVSKAFTPDPTRADPNYITIVVISRLYPNKGADLLTVIIPRICALHPRVKFLIAGSGPKEIDLQQMRERYRLQERVELIGSIRHEEVRDLMVTGNIYLHPTLTEAFGTVIVEAASCGLLVVTTDVGGIPEVLPSHMTVFASPSEDSLVDSTMKAIAILEKKEVDPTTFYNEIKGMYKWSEVARRTEKVYDSINEESLNEPLLDRLAKFYACGEWAGKLFVICVCVDVMLYAILELFWPRHTIDRVKPWPRVKSGE,0.0
MVSDFFFPQPGGIESHIFQLSQRLIDLGHKVIVITHAYKDRVGVRYLTNGLTVYYVPLHTVYRETTFPSFFSFFPIFRNIVIRENIEIVHGHGSLSFLCHDAILHARTMGLKTCFTDHSLFGFADAGSIVTNKLLKFTMSDVNHVICVSHTCRENTVLRAVLNPKRVSVIPNALVAENFQPDPSKASKDFLTIVVISRLYYNKGIDLLIAVIPRICAQHPKVRFVIAGDGPKSIDLEQMREKYMLQDRVEMLGSVRHDQVRDVMVRGHIYLHPSLTEAFGTVLVEAASCGLYVISTKVGGVPEVLPSHMTRFARPEEDDLADTLSSVITDYLDHKIKTETFHEEVKQMYSWIDVAERTEKVYDSICSENNLRLIDRLKLYYGCGQWAGKLFCLLIAIDYLVMVLLEWIWPASDIDPAVDRVSSTFKISKQNFDESLVLTDPKKKTKIKTACLKDAQ,0.0
MGYRIAMVSDFFFPQPGGIESHIFQLSQRLIDLGHKVIVITHAYKDRVGVRYLTNGLTAYYVPLHTVYRETTFPSFFYFFPIFRNIIIREQIEIIHGHGSLSFLCHDAILHGRTMGLKTCFTDHSLFGFADAGSIITNKLLKFTMSDIDHVICVSHTCRENTVLRAVLNPQKVSVIPNALVPENFKPDPSKASKEYLTIVVISRLYYNKGIDLLIAIIPKICAEFRKVRFVIAGDGPKAIDLEQMREKYMLQDRVEMLGSVRHDQVRDVMVRGHIYLHPSLTEAFGTVLVEAASCGLYVISTKVGGVPEVLPSHMTRFARPEEDDLARTLSNAISDYLNNKIQTVNFHDEVKEMYSWIDVAERTEKVYDSICAEPNLRLINRLKLYYGCGQWAGKLFCILITLDYLVMMLLHWIWPASDIDLAVDRPPVSLPLQDEMEMPDLKRSTNNKSSSDKFC,0.0
MGFNIAMLCDFFYPQLGGVEFHIYHLSQKLIDLGHSVVIITHAYKDRVGVRHLTNGLKVYHVPFFVIFRETTFPTVFSTFPIIRNILLREQIQIVHSHGSASTFAHEGILHANTMGLRTVFTDHSLYGFNNLTSIWVNKLLTFTLTNIDRVICVSNTCKENMIVRTELSPDIISVIPNAVVSEDFKPRDPTGGTKRKQSRDKIVIVVIGRLFPNKGSDLLTRIIPKVCSSHEDVEFIVAGDGPKFIDFQQMIESHRLQKRVQLLGSVPHEKVRDVLCQGDIYLHASLTEAFGTILVEAASCNLLIVTTQVGGIPEVLPNEMTVYAEQTSVSDLVQATNKAINIIRSKALDTSSFHDRVSKMYDWMDVAKRTVEIYTNISSTSSADDKDWMKMVANLYKRDGIWAKHLYLLCGIVEYMLFFLLEWLYPRDEIDLAPKWPKKTVSNETKKARET,0.0
MAEQKYNIAMVCDFFYPQLGGVEFHIYHLSQKLIKMGHNVCVITHAYGDRTGIRYLSNGLKVYYVPYLVLYRQTTFPTVFGSFPIFRNILIREQIDVLHSHGSVSSFAHEGILHANTMGIQTVFTDHSLYGFDSLGSILVNKLLKFTLCNIDAVIAVSHTCKENIILRANLDPDNVSVIPNAVVSSSFKPRDSTIKKKSNRITVVVICRLYTNKGADLLTHLIPKVCTNNDNVDFIVAGDGPKFIAFQQMIENNRLQERVQLLGSVRHEHVRDVMCQGDIYLHASLTEAFGTVLVEAASCGLLIVTTSVGGIPEVLPEYMTVYAQETSVSSLIKAMNKAIHRIGHSKVNTTQFHETIAQMYDWMNVAERTVQVYDRISLDVRSLNKNWVVMLKKYYRQDGNWARLLYVLCAIVEYILLYILEILYPAGDIDRVVKWNSRICRDPHI,0.0
MSKEQEKYNVAMVCDFFYPQLGGVEFHIYHLSQKLLELGHNVVVFTHAYGDRTGIRYLSNGLKVYYIPYLVLYRQTTFPTVLGSFPVFRNLLIREQINVVHSHGSVSTFAHEAILHANTMGIRTVFTDHSLYGFNTLGSILVNKLLHFTLCNTDAVIAVSHTCKENMILRAKLDPQNISVIPNAVVSSDFTPEDGTLKASNTSGRITVVVICRLYTNKGADLLTHLIPRICSDCKTVDFIIAGDGPKFIAFQQMIENNRLQDRVELLGALRHEDVRDVMCRGDIYLHASLTEAFGTVLVEAASCGLLIVTTSVGGIPEVLPEYMTVYAEQTSVSSLIEALNKAISLMRSKKVDTSRFHGDIAQMYDWMNVAERTVNVYHRISKQDPMRKNWAVMVKRFYGQEGSWARMLYVLCAVVEYIIFYIMELIYPAKKIERAVKWKHVITNDSKK,0.0
